<?xml version="1.0" encoding="utf-8" ?>
<dwsync>
<file name="body.png" server="C:/wamp/www/" local="129880721460000000" remote="129880721460000000" Dst="0" />
<file name="logo.png" server="C:/wamp/www/" local="130619803826456313" remote="130619803820000000" Dst="0" />
<file name="navigation-border.png" server="C:/wamp/www/" local="129881738500000000" remote="129881738500000000" Dst="0" />
<file name="navigation.png" server="C:/wamp/www/" local="129880721460000000" remote="129880721460000000" Dst="0" />
<file name="navigation-a.png" server="C:/wamp/www/" local="129880721460000000" remote="129880721460000000" Dst="0" />
<file name="navigation-arr.png" server="C:/wamp/www/" local="129880721460000000" remote="129880721460000000" Dst="0" />
<file name="slider-btn-arr.png" server="C:/wamp/www/" local="129880721460000000" remote="129880721460000000" Dst="0" />
<file name="cols.png" server="C:/wamp/www/" local="129880721460000000" remote="129880721460000000" Dst="0" />
<file name="col-btn.png" server="C:/wamp/www/" local="129880721460000000" remote="129880721460000000" Dst="0" />
<file name="box.png" server="C:/wamp/www/" local="129880721460000000" remote="129880721460000000" Dst="0" />
<file name="box-shadow-t.png" server="C:/wamp/www/" local="129880721460000000" remote="129880721460000000" Dst="0" />
<file name="box-shadow-b.png" server="C:/wamp/www/" local="129880721460000000" remote="129880721460000000" Dst="0" />
<file name="entry-shadow.png" server="C:/wamp/www/" local="129880721460000000" remote="129880721460000000" Dst="0" />
<file name="services.png" server="C:/wamp/www/" local="129880721460000000" remote="129880721460000000" Dst="0" />
<file name="socials.png" server="C:/wamp/www/" local="129880721460000000" remote="129880721460000000" Dst="0" />
<file name="favicon.ico" server="C:/wamp/www/" local="129880721460000000" remote="129880721460000000" Dst="0" />
<file name="slide-img1.jpg" server="C:/wamp/www/" local="130619803826456313" remote="130619803820000000" Dst="0" />
</dwsync>