<?xml version="1.0" encoding="utf-8" ?>
<dwsync>
<file name="MMHTTPDB.php" server="C:/Users/user/Desktop/TWAMPd/htdocs/twamp/www/" local="130619286591698267" remote="130619286590000000" Dst="0" />
<file name="mysql.php" server="C:/Users/user/Desktop/TWAMPd/htdocs/twamp/www/" local="130619286591758271" remote="130619286590000000" Dst="0" />
<file name="MMHTTPDB.php" server="C:/Users/user/Desktop/TWAMPd/htdocs/twamp/" local="130619286591698267" remote="130619286590000000" Dst="0" />
<file name="mysql.php" server="C:/Users/user/Desktop/TWAMPd/htdocs/twamp/" local="130619286591758271" remote="130619286590000000" Dst="0" />
<file name="MMHTTPDB.php" server="C:/Users/user/Desktop/TWAMPd/" local="130619286591698267" remote="130619286590000000" Dst="0" />
<file name="mysql.php" server="C:/Users/user/Desktop/TWAMPd/" local="130619286591758271" remote="130619286590000000" Dst="0" />
<file name="MMHTTPDB.php" server="C:/Users/user/Desktop/TWAMPd/htdocs/" local="130619286591698267" remote="130619286590000000" Dst="0" />
<file name="mysql.php" server="C:/Users/user/Desktop/TWAMPd/htdocs/" local="130619286591758271" remote="130619286590000000" Dst="0" />
</dwsync>